,finished_1,time_1,number_1,finished_2,time_2,number_2,finished_3,time_3,number_3,finished_4,time_4,number_4,finished_5,time_5,number_5,finished_6,time_6,number_6,finished_7,time_7,number_7,finished_8,time_8,number_8,finished_9,time_9,number_9,finished_10,time_10,number_10,finished_11,time_11,number_11,finished_12,time_12,number_12,finished_13,time_13,number_13,finished_14,time_14,number_14,finished_15,time_15,number_15,finished_16,time_16,number_16,finished_17,time_17,number_17,finished_18,time_18,number_18,finished_19,time_19,number_19,finished_20,time_20,number_20,finished_21,time_21,number_21,finished_22,time_22,number_22,finished_23,time_23,number_23,finished_24,time_24,number_24,finished_25,time_25,number_25,finished_26,time_26,number_26,finished_27,time_27,number_27,finished_28,time_28,number_28,finished_29,time_29,number_29,finished_30,time_30,number_30,finished_31,time_31,number_31,finished_32,time_32,number_32,finished_33,time_33,number_33,finished_34,time_34,number_34,finished_35,time_35,number_35,finished_36,time_36,number_36,finished_37,time_37,number_37,finished_38,time_38,number_38,finished_39,time_39,number_39,finished_40,time_40,number_40,finished_41,time_41,number_41,finished_42,time_42,number_42,finished_43,time_43,number_43,finished_44,time_44,number_44,finished_45,time_45,number_45,finished_46,time_46,number_46,finished_47,time_47,number_47,finished_48,time_48,number_48,finished_49,time_49,number_49,finished_50,time_50,number_50,finished_51,time_51,number_51,finished_52,time_52,number_52,finished_53,time_53,number_53,finished_54,time_54,number_54,finished_55,time_55,number_55,finished_56,time_56,number_56,finished_57,time_57,number_57,finished_58,time_58,number_58,finished_59,time_59,number_59,finished_60,time_60,number_60
1,1.0,7.838248014450073,1.0,1.0,16.856973886489868,2.0,1.0,3.1948490142822266,1.0,1.0,2.86889910697937,1.0,1.0,16.478034019470215,2.0,1.0,4.540879964828491,1.0,1.0,3.6921560764312744,1.0,1.0,34.001805782318115,2.0,1.0,8.677154064178467,2.0,1.0,18.211787939071655,2.0,1.0,6.1092400550842285,1.0,1.0,5.115249156951904,1.0,1.0,60.91899514198303,3.0,1.0,19.899199962615967,1.0,1.0,5.390262126922607,1.0,1.0,13.924111127853394,1.0,1.0,10.334521055221558,1.0,1.0,32.68964862823486,3.0,1.0,9.238014936447144,1.0,1.0,6.143703937530518,1.0,1.0,19.067967891693115,2.0,1.0,4.910384893417358,1.0,1.0,5.716162919998169,1.0,1.0,83.12515878677368,3.0,1.0,48.0665979385376,3.0,1.0,4.99115514755249,1.0,1.0,51.54409694671631,2.0,1.0,10.625393152236938,1.0,1.0,9.161961078643799,1.0,1.0,13.354809045791626,1.0,1.0,18.904836893081665,2.0,1.0,6.191004037857056,1.0,1.0,24.25871706008911,2.0,1.0,74.69965600967407,2.0,1.0,6.707941055297852,1.0,1.0,7.839450836181641,1.0,1.0,8.625367164611816,1.0,0.0,0.0,3.0,1.0,46.27690410614014,2.0,1.0,6.267831802368164,1.0,1.0,48.542412757873535,3.0,1.0,17.562000036239624,2.0,1.0,14.91620683670044,1.0,1.0,27.755341053009033,1.0,1.0,17.88431406021118,2.0,1.0,24.01879382133484,2.0,1.0,20.173233032226562,1.0,1.0,6.099128007888794,1.0,1.0,14.852581024169922,1.0,1.0,14.679330110549927,1.0,1.0,17.121100187301636,2.0,1.0,6.368036985397339,1.0,1.0,12.463517904281616,1.0,1.0,21.741281032562256,1.0,1.0,7.104836940765381,1.0,1.0,9.757563829421997,1.0,1.0,27.935568809509277,1.0,1.0,21.3288791179657,2.0,1.0,6.988692045211792,1.0,1.0,12.591468811035156,1.0
2,1.0,11.431410074234009,1.0,1.0,28.98300290107727,1.0,1.0,2.6442790031433105,1.0,1.0,2.419590950012207,1.0,1.0,2.936490058898926,1.0,1.0,5.3981781005859375,1.0,1.0,3.955873966217041,1.0,1.0,12.780884981155396,2.0,1.0,4.979018926620483,1.0,1.0,16.75755286216736,1.0,1.0,3.148573160171509,1.0,1.0,10.942017078399658,1.0,1.0,5.123986005783081,1.0,1.0,4.777995824813843,1.0,1.0,21.171377897262573,1.0,1.0,6.389987945556641,1.0,1.0,7.306132078170776,1.0,1.0,8.812114953994751,1.0,1.0,11.25764513015747,1.0,1.0,10.413506031036377,1.0,1.0,5.281132936477661,1.0,1.0,4.108989000320435,1.0,1.0,9.119455814361572,1.0,1.0,5.725732088088989,1.0,1.0,11.871652126312256,1.0,1.0,7.3332359790802,1.0,1.0,35.62444186210632,2.0,1.0,6.061461925506592,1.0,1.0,33.67425799369812,1.0,1.0,10.914727926254272,1.0,1.0,17.6476309299469,2.0,1.0,7.642748117446899,1.0,1.0,14.119077920913696,1.0,1.0,48.564220905303955,2.0,1.0,11.24809193611145,1.0,1.0,8.351996898651123,1.0,1.0,21.83176016807556,1.0,1.0,5.61811089515686,1.0,1.0,58.09786915779114,2.0,1.0,57.60010099411011,2.0,1.0,7.970863103866577,1.0,1.0,28.98967695236206,2.0,1.0,10.776330947875977,1.0,1.0,8.540579080581665,1.0,1.0,13.102958917617798,1.0,1.0,16.630629301071167,2.0,1.0,16.950937747955322,2.0,1.0,5.4010210037231445,1.0,1.0,8.766774892807007,1.0,1.0,13.90452790260315,1.0,1.0,18.27516484260559,1.0,1.0,7.155232906341553,2.0,1.0,15.905921936035156,2.0,1.0,23.952352046966553,1.0,1.0,6.72956109046936,1.0,1.0,40.07516002655029,2.0,1.0,12.840873956680298,1.0,1.0,12.560969114303589,1.0,1.0,7.302505970001221,1.0,1.0,15.002975940704346,1.0
3,1.0,24.869579076766968,1.0,1.0,19.21784281730652,1.0,1.0,2.2787129878997803,1.0,1.0,10.128669023513794,1.0,1.0,14.973156929016113,2.0,1.0,4.191926002502441,1.0,1.0,4.169203996658325,1.0,1.0,5.871909856796265,1.0,1.0,3.5799319744110107,1.0,1.0,2.8624191284179688,1.0,1.0,5.50567102432251,1.0,0.0,0.0,1.0,1.0,4.8145201206207275,1.0,1.0,5.048002004623413,1.0,1.0,5.163698196411133,1.0,1.0,7.620275974273682,1.0,1.0,5.952402830123901,1.0,1.0,10.234328031539917,1.0,1.0,4.320713043212891,1.0,1.0,3.3535408973693848,1.0,1.0,3.576176881790161,1.0,1.0,3.5221340656280518,1.0,1.0,4.260174989700317,1.0,1.0,14.987945079803467,1.0,1.0,24.0169677734375,1.0,1.0,3.3731021881103516,1.0,0.0,0.0,2.0,1.0,10.04786992073059,1.0,1.0,10.611323118209839,1.0,1.0,8.535632133483887,1.0,1.0,8.321266889572144,1.0,1.0,8.732357025146484,1.0,1.0,16.443870067596436,1.0,0.0,0.0,1.0,1.0,8.478744983673096,1.0,1.0,5.139639854431152,1.0,1.0,13.879302024841309,2.0,0.0,0.0,2.0,1.0,51.62171721458435,2.0,0.0,0.0,1.0,1.0,7.9894959926605225,1.0,1.0,9.306810140609741,1.0,1.0,7.859668016433716,1.0,1.0,6.631633996963501,1.0,1.0,6.953036069869995,1.0,1.0,11.541192054748535,1.0,1.0,36.004217863082886,1.0,0.0,0.0,1.0,1.0,10.297177076339722,1.0,1.0,39.541561126708984,1.0,1.0,5.1546571254730225,1.0,1.0,7.569705009460449,1.0,1.0,10.83082890510559,1.0,1.0,13.178305864334106,1.0,1.0,7.362723112106323,1.0,1.0,8.766300916671753,1.0,1.0,7.8086090087890625,1.0,1.0,12.011021852493286,1.0,1.0,6.83271598815918,1.0,1.0,8.611531972885132,1.0
4,1.0,7.17648983001709,1.0,1.0,12.170643091201782,1.0,1.0,1.9939510822296143,1.0,1.0,1.7302429676055908,1.0,1.0,20.65916109085083,2.0,1.0,5.322583913803101,1.0,1.0,4.336727857589722,1.0,1.0,2.831270933151245,1.0,1.0,2.494732141494751,1.0,1.0,9.371474981307983,1.0,1.0,3.5161311626434326,1.0,1.0,3.9159319400787354,1.0,1.0,12.950303077697754,2.0,1.0,3.85109806060791,1.0,1.0,3.904801845550537,1.0,1.0,7.971213102340698,1.0,1.0,3.626716136932373,1.0,0.0,0.0,2.0,1.0,3.697093963623047,1.0,1.0,3.887223958969116,1.0,1.0,4.29845404624939,1.0,1.0,3.9405059814453125,1.0,1.0,12.86400818824768,3.0,0.0,0.0,5.0,1.0,12.956126928329468,2.0,1.0,3.4568910598754883,1.0,1.0,40.24962520599365,3.0,1.0,5.20436692237854,1.0,1.0,5.471405982971191,1.0,1.0,8.038994073867798,1.0,0.0,0.0,1.0,1.0,4.735815048217773,1.0,1.0,11.512582063674927,1.0,0.0,0.0,1.0,1.0,29.718830823898315,2.0,1.0,7.9745728969573975,1.0,1.0,16.949239015579224,2.0,0.0,0.0,1.0,1.0,27.094511032104492,2.0,0.0,0.0,1.0,1.0,7.075532913208008,1.0,1.0,13.993964910507202,2.0,1.0,8.888774156570435,1.0,1.0,12.264060020446777,1.0,1.0,15.087591648101807,2.0,1.0,6.034279823303223,1.0,1.0,34.8785400390625,2.0,1.0,5.933644771575928,1.0,1.0,11.119401216506958,2.0,1.0,10.922821998596191,1.0,1.0,4.939954042434692,1.0,1.0,5.5353779792785645,1.0,1.0,14.132745027542114,2.0,1.0,13.5018630027771,1.0,1.0,6.244275093078613,1.0,1.0,6.843674182891846,1.0,1.0,23.60980772972107,2.0,1.0,29.08480405807495,3.0,1.0,7.842902898788452,1.0,1.0,9.047407865524292,1.0
5,1.0,5.482975959777832,1.0,1.0,9.902529954910278,1.0,1.0,2.025641918182373,1.0,1.0,2.806736946105957,1.0,1.0,10.036987066268921,2.0,1.0,7.204812049865723,1.0,1.0,2.9443161487579346,1.0,1.0,2.6398141384124756,1.0,1.0,3.6992199420928955,1.0,1.0,4.24865984916687,1.0,1.0,2.8747270107269287,1.0,1.0,3.643033981323242,1.0,1.0,17.591941118240356,2.0,1.0,3.8888068199157715,1.0,1.0,3.037322998046875,1.0,1.0,5.390259027481079,1.0,1.0,4.73927116394043,1.0,1.0,7.2199859619140625,1.0,1.0,12.512826919555664,1.0,1.0,4.291684150695801,1.0,1.0,4.207364797592163,1.0,1.0,3.266947031021118,1.0,1.0,11.884907007217407,1.0,1.0,3.4475319385528564,1.0,1.0,11.588107109069824,1.0,1.0,3.4875118732452393,1.0,1.0,14.598439931869507,2.0,1.0,5.43856406211853,1.0,1.0,5.40781307220459,1.0,1.0,9.855955123901367,1.0,1.0,7.2627809047698975,1.0,1.0,5.363201856613159,1.0,1.0,11.911638975143433,1.0,1.0,3.437743902206421,1.0,1.0,5.137109994888306,1.0,1.0,8.586079120635986,1.0,1.0,13.259199857711792,2.0,1.0,5.373928070068359,1.0,1.0,20.183364152908325,2.0,1.0,6.94894003868103,1.0,1.0,18.495760917663574,2.0,1.0,18.247257947921753,2.0,1.0,18.376827716827393,2.0,1.0,7.33774995803833,1.0,1.0,6.26221489906311,1.0,1.0,7.086838960647583,1.0,1.0,14.991267204284668,1.0,1.0,4.9379050731658936,1.0,1.0,7.780752182006836,1.0,1.0,8.46326494216919,1.0,1.0,12.220563888549805,2.0,1.0,4.927721977233887,1.0,1.0,7.979399919509888,1.0,1.0,20.73211693763733,1.0,1.0,5.1189210414886475,1.0,1.0,11.328046083450317,1.0,1.0,7.434467077255249,1.0,1.0,13.46977710723877,1.0,1.0,5.957677125930786,1.0,1.0,9.043696880340576,1.0
6,1.0,7.724969148635864,1.0,1.0,16.9540057182312,2.0,1.0,2.3586230278015137,1.0,1.0,3.4316461086273193,1.0,1.0,3.031165838241577,1.0,1.0,6.113196849822998,1.0,1.0,3.489579916000366,1.0,1.0,14.978265047073364,2.0,1.0,14.268927812576294,2.0,1.0,3.455928087234497,1.0,1.0,4.075620889663696,1.0,1.0,8.937794208526611,2.0,1.0,4.473242998123169,1.0,1.0,6.9654130935668945,1.0,1.0,5.178314924240112,1.0,1.0,13.250602960586548,1.0,1.0,4.464295864105225,1.0,0.0,0.0,3.0,1.0,7.031141996383667,1.0,1.0,4.51091194152832,1.0,1.0,4.422744035720825,1.0,1.0,4.209095001220703,1.0,1.0,4.1409618854522705,1.0,0.0,0.0,3.0,1.0,8.142518043518066,1.0,1.0,5.613702774047852,1.0,0.0,0.0,3.0,1.0,5.943258047103882,1.0,1.0,8.115957021713257,1.0,1.0,22.368146896362305,1.0,1.0,12.1042160987854,1.0,1.0,5.83513617515564,1.0,1.0,9.93480896949768,1.0,0.0,0.0,1.0,1.0,5.790208101272583,1.0,1.0,24.08321189880371,1.0,1.0,17.311182022094727,2.0,1.0,24.501989126205444,1.0,1.0,10.21763300895691,1.0,1.0,14.395376205444336,2.0,0.0,0.0,2.0,1.0,14.561063051223755,1.0,1.0,8.183295011520386,1.0,1.0,9.473177909851074,1.0,1.0,7.450423002243042,1.0,1.0,15.931758880615234,2.0,1.0,11.890780925750732,1.0,1.0,4.927487134933472,1.0,1.0,7.511397123336792,1.0,1.0,9.921735048294067,1.0,1.0,6.166108131408691,1.0,1.0,6.341600179672241,1.0,1.0,9.011728048324585,1.0,0.0,0.0,2.0,1.0,8.03926706314087,1.0,1.0,16.36194610595703,2.0,1.0,7.90412712097168,1.0,1.0,10.145512819290161,1.0,1.0,7.52112889289856,1.0,1.0,12.842391014099121,1.0
7,0.0,0.0,3.0,1.0,8.365886926651001,1.0,1.0,2.96512508392334,1.0,1.0,2.9938859939575195,1.0,1.0,8.70185112953186,2.0,1.0,3.9979300498962402,1.0,1.0,2.2135820388793945,1.0,1.0,2.3475451469421387,1.0,1.0,3.953594923019409,1.0,1.0,10.215475082397461,2.0,1.0,5.801741123199463,1.0,1.0,5.8653059005737305,1.0,0.0,0.0,3.0,1.0,3.304764986038208,1.0,1.0,4.27543306350708,1.0,1.0,7.601196050643921,1.0,1.0,7.539139986038208,1.0,1.0,6.042484998703003,1.0,1.0,4.330794811248779,1.0,1.0,3.948218822479248,1.0,1.0,2.857501983642578,1.0,1.0,3.0362119674682617,1.0,1.0,3.61063289642334,1.0,1.0,14.882792949676514,2.0,1.0,8.346549034118652,1.0,1.0,3.458527088165283,1.0,1.0,12.931916952133179,2.0,1.0,4.300940036773682,1.0,1.0,4.259841203689575,1.0,1.0,6.474431037902832,1.0,1.0,21.722639322280884,3.0,1.0,5.855622053146362,1.0,1.0,18.3487229347229,1.0,1.0,12.251367092132568,2.0,1.0,5.1700279712677,1.0,1.0,5.25403904914856,1.0,1.0,7.015228986740112,1.0,0.0,0.0,2.0,0.0,0.0,2.0,1.0,5.971925973892212,1.0,0.0,0.0,4.0,1.0,8.517278909683228,1.0,1.0,8.859498977661133,1.0,1.0,7.6741108894348145,1.0,1.0,9.049531698226929,2.0,1.0,6.72498893737793,1.0,1.0,7.713306903839111,1.0,0.0,0.0,2.0,1.0,8.395972967147827,1.0,1.0,7.433971166610718,1.0,1.0,7.10051703453064,1.0,1.0,4.9367029666900635,1.0,0.0,0.0,2.0,0.0,0.0,2.0,1.0,5.505688905715942,1.0,1.0,5.537221193313599,1.0,1.0,5.409130096435547,1.0,1.0,9.789121866226196,2.0,1.0,5.189043998718262,1.0,1.0,7.663873910903931,1.0
8,1.0,37.74699401855469,1.0,1.0,27.720078945159912,1.0,1.0,3.851280927658081,1.0,1.0,4.3034348487854,1.0,1.0,9.109308958053589,1.0,1.0,4.8308210372924805,1.0,1.0,4.0345399379730225,1.0,1.0,3.7665672302246094,1.0,1.0,6.507067918777466,1.0,1.0,7.014726161956787,1.0,1.0,5.03773307800293,1.0,1.0,10.311195850372314,1.0,1.0,37.666619062423706,2.0,1.0,5.563401937484741,1.0,1.0,6.86231803894043,1.0,1.0,7.950978994369507,1.0,1.0,6.392953157424927,1.0,1.0,11.594053983688354,1.0,1.0,14.311306953430176,1.0,1.0,5.638051986694336,1.0,1.0,4.723528861999512,1.0,1.0,5.958698034286499,1.0,1.0,7.523753881454468,1.0,1.0,10.084812879562378,1.0,1.0,24.90840721130371,1.0,1.0,6.451524972915649,1.0,1.0,64.30665588378906,1.0,1.0,14.919562816619873,1.0,1.0,10.117799997329712,1.0,1.0,12.423747062683105,1.0,0.0,0.0,1.0,1.0,9.220372915267944,1.0,1.0,13.506446123123169,1.0,1.0,7.979696035385132,1.0,1.0,19.480077028274536,1.0,1.0,49.140758991241455,1.0,1.0,9.58126711845398,1.0,1.0,16.74204683303833,1.0,1.0,29.069525003433228,1.0,1.0,59.74634599685669,2.0,1.0,12.83621597290039,1.0,1.0,32.152554988861084,1.0,1.0,43.1331729888916,1.0,1.0,9.003535032272339,1.0,1.0,10.856736898422241,1.0,1.0,11.21959400177002,1.0,1.0,36.074759006500244,1.0,1.0,7.167811870574951,1.0,1.0,17.45091986656189,1.0,1.0,34.821979999542236,2.0,1.0,7.37293004989624,1.0,1.0,6.314791202545166,1.0,1.0,30.360618114471436,1.0,1.0,77.5728349685669,1.0,1.0,7.820129156112671,1.0,1.0,14.340013980865479,1.0,1.0,14.161706924438477,1.0,1.0,14.092901945114136,1.0,1.0,11.884361982345581,1.0,1.0,13.591127157211304,1.0
9,1.0,19.358651876449585,1.0,1.0,23.941657066345215,1.0,1.0,4.074563980102539,1.0,1.0,2.3648760318756104,1.0,0.0,0.0,1.0,1.0,31.016295194625854,2.0,1.0,4.052323818206787,1.0,1.0,21.070333003997803,1.0,1.0,10.30702018737793,1.0,0.0,0.0,1.0,1.0,10.250041007995605,1.0,1.0,4.373532056808472,1.0,1.0,36.94465494155884,2.0,1.0,13.444986820220947,1.0,1.0,10.652305841445923,1.0,1.0,16.118940830230713,1.0,1.0,9.960081100463867,1.0,1.0,32.13568902015686,1.0,1.0,17.23200798034668,1.0,1.0,9.099339008331299,1.0,1.0,15.474086999893188,1.0,1.0,7.144389867782593,1.0,1.0,25.201871871948242,1.0,1.0,21.169806957244873,2.0,1.0,41.41602182388306,1.0,1.0,6.538985013961792,1.0,0.0,0.0,1.0,1.0,8.883105039596558,1.0,1.0,16.807981967926025,2.0,1.0,14.551856994628906,1.0,1.0,43.7149498462677,2.0,1.0,19.297220945358276,2.0,1.0,6.234222888946533,1.0,1.0,25.01467800140381,1.0,1.0,18.159486055374146,1.0,1.0,21.074952125549316,1.0,1.0,23.85474395751953,1.0,1.0,25.84222912788391,1.0,1.0,15.485728025436401,1.0,1.0,11.826992988586426,1.0,0.0,0.0,1.0,1.0,14.497925996780396,1.0,1.0,10.111685991287231,1.0,1.0,17.700473070144653,1.0,1.0,10.229164123535156,1.0,1.0,15.57483983039856,1.0,0.0,0.0,1.0,0.0,0.0,2.0,1.0,21.83583402633667,1.0,1.0,22.99795413017273,1.0,1.0,9.018779039382935,1.0,1.0,9.75413990020752,1.0,1.0,11.596589088439941,1.0,1.0,15.559137105941772,1.0,1.0,8.183815002441406,1.0,1.0,16.759922981262207,1.0,1.0,30.61519694328308,1.0,1.0,62.88824510574341,3.0,1.0,12.731382131576538,1.0,1.0,12.367568969726562,1.0
10,1.0,19.703532934188843,1.0,1.0,31.249823093414307,1.0,1.0,2.2964928150177,1.0,1.0,4.955195188522339,1.0,1.0,4.32879900932312,1.0,1.0,4.29567289352417,1.0,1.0,3.666292905807495,1.0,1.0,3.611928939819336,1.0,1.0,4.623700857162476,1.0,1.0,3.9637510776519775,1.0,1.0,3.0900161266326904,1.0,1.0,5.361613988876343,1.0,1.0,3.730242967605591,1.0,1.0,4.00702691078186,1.0,1.0,5.205610990524292,1.0,1.0,6.006208896636963,1.0,1.0,5.139930009841919,1.0,1.0,7.494247198104858,1.0,1.0,8.986039161682129,1.0,1.0,6.544118881225586,1.0,1.0,7.95644998550415,1.0,1.0,4.099778890609741,1.0,1.0,5.173075199127197,1.0,1.0,31.64315390586853,1.0,1.0,4.977545976638794,1.0,1.0,5.323713064193726,1.0,1.0,12.752120971679688,1.0,1.0,6.382541179656982,1.0,1.0,7.047217845916748,1.0,1.0,9.003437042236328,1.0,1.0,17.864645957946777,1.0,1.0,5.36543607711792,1.0,1.0,8.66503095626831,1.0,1.0,11.109906911849976,1.0,1.0,10.149346828460693,1.0,1.0,7.3637871742248535,1.0,1.0,11.878597021102905,1.0,1.0,8.166754007339478,1.0,1.0,17.488985061645508,1.0,1.0,8.034959077835083,1.0,1.0,31.41779398918152,1.0,1.0,132.43331384658813,2.0,1.0,34.45765995979309,1.0,1.0,10.518079042434692,1.0,1.0,19.59758710861206,1.0,1.0,17.199064016342163,1.0,1.0,22.407887935638428,1.0,1.0,73.11840295791626,1.0,1.0,27.633095026016235,1.0,1.0,33.898321866989136,1.0,1.0,6.782072067260742,1.0,1.0,6.414402008056641,1.0,1.0,10.87636113166809,1.0,1.0,23.501914024353027,1.0,1.0,7.683146953582764,1.0,1.0,25.617697954177856,1.0,1.0,26.610569953918457,1.0,1.0,15.120471000671387,1.0,1.0,8.638627052307129,1.0,1.0,16.04067587852478,1.0
11,1.0,24.596873998641968,2.0,1.0,20.87559485435486,1.0,1.0,2.6657159328460693,1.0,1.0,2.6561129093170166,1.0,1.0,12.837193012237549,1.0,1.0,8.25896406173706,1.0,1.0,6.029120922088623,1.0,1.0,8.332637071609497,1.0,1.0,13.401551008224487,2.0,1.0,2.8207991123199463,1.0,1.0,6.397461175918579,1.0,1.0,24.556286096572876,2.0,1.0,7.779109954833984,1.0,1.0,6.919075012207031,1.0,1.0,16.1828031539917,1.0,1.0,11.189794063568115,1.0,1.0,8.548260927200317,1.0,1.0,29.53632116317749,2.0,1.0,14.00311803817749,1.0,1.0,6.826405048370361,1.0,1.0,10.984374046325684,1.0,1.0,3.9355599880218506,1.0,1.0,7.0497541427612305,1.0,1.0,102.1244957447052,4.0,1.0,23.599233150482178,1.0,1.0,5.930654048919678,1.0,0.0,0.0,3.0,1.0,8.930131912231445,1.0,1.0,6.903779983520508,1.0,1.0,14.908607959747314,1.0,0.0,0.0,4.0,1.0,55.21124291419983,1.0,1.0,18.609177112579346,1.0,1.0,20.687254190444946,1.0,1.0,9.663028001785278,1.0,1.0,11.117990016937256,1.0,1.0,32.18271803855896,3.0,1.0,145.4906361103058,3.0,1.0,55.87731409072876,1.0,1.0,10.092597961425781,1.0,1.0,21.53091788291931,1.0,1.0,28.572098970413208,1.0,1.0,12.231513977050781,1.0,1.0,11.58487606048584,1.0,1.0,28.324090003967285,1.0,1.0,12.170413970947266,1.0,1.0,27.59761381149292,1.0,0.0,0.0,1.0,1.0,22.258940935134888,1.0,1.0,38.198285818099976,1.0,1.0,13.427720069885254,1.0,1.0,9.26985788345337,2.0,1.0,13.286188840866089,2.0,1.0,70.1822738647461,1.0,1.0,6.510538816452026,1.0,1.0,9.888528108596802,1.0,1.0,24.838608026504517,1.0,1.0,30.581517934799194,1.0,1.0,7.736452102661133,1.0,1.0,7.839335918426514,1.0
12,1.0,13.667962789535522,2.0,1.0,26.103394985198975,3.0,1.0,1.9935519695281982,1.0,1.0,13.3135666847229,3.0,1.0,2.1098549365997314,1.0,1.0,3.2552380561828613,1.0,1.0,2.138296127319336,1.0,1.0,2.754643201828003,1.0,1.0,9.467829942703247,2.0,1.0,41.00091600418091,2.0,1.0,5.460740089416504,1.0,1.0,2.8367960453033447,1.0,1.0,4.930657863616943,2.0,1.0,3.231245994567871,1.0,1.0,31.739033222198486,4.0,1.0,3.401550054550171,1.0,1.0,6.935003042221069,1.0,1.0,8.078855037689209,2.0,1.0,15.43082880973816,2.0,1.0,4.451388120651245,1.0,1.0,2.9565021991729736,1.0,1.0,3.498060941696167,1.0,1.0,5.832707166671753,1.0,1.0,3.284893035888672,1.0,1.0,12.26547908782959,2.0,1.0,5.146392107009888,1.0,0.0,0.0,5.0,1.0,3.9547860622406006,1.0,1.0,4.783602952957153,1.0,1.0,8.51969599723816,1.0,1.0,8.808482885360718,2.0,1.0,16.56258988380432,2.0,1.0,28.705235958099365,2.0,1.0,35.80445384979248,2.0,1.0,4.587907791137695,1.0,1.0,6.4146740436553955,1.0,1.0,56.38107967376709,4.0,0.0,0.0,3.0,1.0,15.163698434829712,3.0,1.0,20.13581371307373,2.0,1.0,40.78877115249634,3.0,1.0,13.38577389717102,2.0,1.0,10.010231971740723,1.0,1.0,8.640281915664673,1.0,1.0,25.48812198638916,4.0,1.0,8.86016297340393,2.0,1.0,13.940368890762329,1.0,0.0,0.0,1.0,1.0,4.858675003051758,1.0,1.0,7.364912986755371,1.0,1.0,4.606719017028809,1.0,1.0,4.995434045791626,1.0,1.0,9.218813180923462,2.0,0.0,0.0,4.0,1.0,4.368825197219849,1.0,1.0,12.98453402519226,2.0,1.0,7.341686010360718,1.0,1.0,18.75955891609192,2.0,1.0,5.381090879440308,1.0,1.0,7.2848310470581055,1.0
13,1.0,64.26610493659973,2.0,1.0,56.499589920043945,1.0,1.0,6.409121990203857,1.0,1.0,6.408141851425171,1.0,1.0,27.945333003997803,2.0,1.0,6.3272740840911865,1.0,1.0,4.479538917541504,1.0,1.0,4.189795970916748,1.0,1.0,8.30341100692749,1.0,1.0,11.289692163467407,1.0,1.0,7.874591112136841,1.0,1.0,5.104811191558838,1.0,1.0,7.9576051235198975,1.0,1.0,8.29340410232544,1.0,1.0,5.350091934204102,1.0,1.0,17.370585918426514,1.0,1.0,22.81781792640686,1.0,1.0,28.708387851715088,1.0,1.0,14.743106126785278,1.0,1.0,14.79706597328186,1.0,1.0,5.714936017990112,1.0,1.0,8.711376190185547,1.0,1.0,6.719884872436523,1.0,0.0,0.0,1.0,1.0,7.4141318798065186,1.0,1.0,7.880181074142456,1.0,0.0,0.0,2.0,1.0,11.227374076843262,1.0,1.0,8.237934827804565,1.0,1.0,36.92747092247009,1.0,0.0,0.0,1.0,1.0,16.496602058410645,1.0,1.0,11.247607231140137,1.0,1.0,77.38501477241516,2.0,1.0,8.912907123565674,1.0,1.0,7.134067058563232,1.0,1.0,13.1215500831604,1.0,1.0,48.3931450843811,1.0,0.0,0.0,1.0,1.0,17.012806177139282,1.0,1.0,22.956063985824585,1.0,0.0,0.0,1.0,1.0,12.455932855606079,1.0,1.0,13.452029943466187,1.0,0.0,0.0,1.0,1.0,12.338499069213867,1.0,0.0,0.0,2.0,1.0,9.442757844924927,1.0,1.0,16.148956060409546,1.0,1.0,28.205226182937622,1.0,1.0,9.370014905929565,1.0,1.0,8.816819190979004,1.0,1.0,16.49722981452942,1.0,0.0,0.0,1.0,1.0,7.752388954162598,1.0,0.0,0.0,2.0,1.0,18.113898992538452,1.0,1.0,15.869194030761719,1.0,1.0,10.78324294090271,1.0,1.0,15.85466718673706,1.0
14,1.0,12.31249189376831,1.0,1.0,24.138921976089478,1.0,1.0,3.2285990715026855,1.0,1.0,2.8513588905334473,1.0,1.0,5.325730085372925,1.0,1.0,8.324815034866333,1.0,1.0,2.951115846633911,1.0,1.0,4.123758792877197,1.0,1.0,12.239146709442139,2.0,1.0,3.4932100772857666,1.0,1.0,5.009545803070068,1.0,1.0,14.47822093963623,1.0,1.0,19.88498592376709,1.0,1.0,11.267306089401245,1.0,1.0,98.46656513214111,2.0,1.0,9.177515983581543,1.0,1.0,5.329687118530273,1.0,1.0,66.70648002624512,2.0,1.0,9.131386041641235,1.0,1.0,10.073402881622314,1.0,1.0,5.019447088241577,1.0,1.0,4.541363000869751,1.0,1.0,25.279508113861084,2.0,1.0,36.802239179611206,2.0,1.0,6.0622241497039795,1.0,1.0,7.036257028579712,1.0,1.0,95.5544822216034,2.0,1.0,6.998886823654175,1.0,1.0,11.67770004272461,1.0,1.0,7.931091785430908,1.0,1.0,15.474475145339966,1.0,1.0,9.989788055419922,1.0,1.0,10.280273914337158,1.0,1.0,99.59652018547058,2.0,1.0,52.67518997192383,2.0,1.0,6.715419054031372,1.0,1.0,14.390780925750732,1.0,1.0,72.57891702651978,2.0,1.0,53.15303301811218,2.0,1.0,12.576213121414185,1.0,1.0,32.30728507041931,1.0,1.0,20.493717908859253,1.0,1.0,16.738111972808838,1.0,1.0,15.744901895523071,1.0,1.0,6.497162103652954,1.0,1.0,9.409713983535767,1.0,1.0,14.26266884803772,1.0,1.0,86.83326387405396,1.0,1.0,9.89661693572998,1.0,1.0,30.49590301513672,1.0,1.0,10.12537693977356,1.0,1.0,7.473417043685913,1.0,1.0,10.145969152450562,1.0,1.0,15.279072999954224,1.0,1.0,5.775094032287598,1.0,1.0,29.236307859420776,2.0,1.0,9.863107919692993,1.0,1.0,29.79891276359558,2.0,1.0,9.407303094863892,1.0,1.0,9.127340078353882,1.0
15,1.0,11.604444980621338,1.0,0.0,0.0,1.0,1.0,2.769996166229248,1.0,1.0,6.046895980834961,1.0,1.0,7.323808908462524,1.0,1.0,7.4208149909973145,1.0,1.0,6.414224147796631,1.0,1.0,11.19457197189331,1.0,0.0,0.0,1.0,1.0,10.156256914138794,1.0,1.0,16.13930106163025,1.0,1.0,9.074202060699463,1.0,0.0,0.0,1.0,1.0,8.965296030044556,1.0,1.0,10.300346851348877,1.0,1.0,7.6473658084869385,1.0,1.0,5.073019027709961,1.0,0.0,0.0,1.0,1.0,12.417933940887451,1.0,1.0,10.520572185516357,1.0,0.0,0.0,1.0,1.0,7.023193120956421,1.0,1.0,9.078696966171265,1.0,1.0,39.202016830444336,1.0,1.0,9.317033052444458,1.0,1.0,7.104924917221069,1.0,0.0,0.0,2.0,1.0,6.485451936721802,1.0,0.0,0.0,1.0,1.0,24.64914608001709,1.0,0.0,0.0,1.0,1.0,6.245833158493042,1.0,1.0,14.189349889755249,1.0,0.0,0.0,1.0,0.0,0.0,2.0,1.0,35.22275495529175,1.0,1.0,30.55039405822754,1.0,0.0,0.0,1.0,0.0,0.0,1.0,0.0,0.0,1.0,0.0,0.0,1.0,0.0,0.0,1.0,1.0,52.58884906768799,1.0,1.0,29.74164605140686,1.0,1.0,23.336642026901245,1.0,1.0,29.615428924560547,1.0,0.0,0.0,1.0,1.0,10.73846697807312,1.0,1.0,28.737369060516357,1.0,1.0,21.03718090057373,1.0,1.0,10.992193937301636,1.0,1.0,9.072942018508911,1.0,1.0,17.17133593559265,1.0,1.0,56.30165696144104,1.0,1.0,10.069736003875732,1.0,1.0,37.44768691062927,1.0,1.0,13.249354124069214,1.0,0.0,0.0,1.0,1.0,15.508416175842285,1.0,1.0,14.197800159454346,1.0
16,1.0,10.766117095947266,1.0,1.0,28.379420042037964,1.0,1.0,2.6044299602508545,1.0,1.0,1.9626538753509521,1.0,1.0,7.196415901184082,1.0,1.0,4.725929021835327,1.0,1.0,5.349600076675415,1.0,1.0,5.044004917144775,1.0,1.0,3.225628137588501,1.0,1.0,3.4697701930999756,1.0,1.0,3.3549890518188477,1.0,1.0,10.68283486366272,1.0,1.0,9.660062074661255,1.0,1.0,11.943576097488403,2.0,1.0,7.944164991378784,1.0,1.0,10.325845956802368,1.0,1.0,9.526656866073608,1.0,1.0,27.418278694152832,2.0,1.0,14.362032890319824,1.0,1.0,3.7952067852020264,1.0,1.0,5.084830045700073,1.0,1.0,3.58778715133667,1.0,1.0,4.393297910690308,1.0,1.0,4.818862199783325,1.0,1.0,9.498303890228271,1.0,1.0,4.1491169929504395,1.0,1.0,27.315717935562134,2.0,1.0,5.644016981124878,1.0,1.0,7.317137956619263,1.0,1.0,11.881287097930908,1.0,1.0,14.048267841339111,1.0,1.0,6.730862140655518,1.0,1.0,8.47787094116211,1.0,1.0,4.431437015533447,1.0,1.0,30.33143401145935,1.0,1.0,6.449644088745117,1.0,1.0,9.87683892250061,1.0,1.0,8.45919394493103,1.0,1.0,23.317112922668457,1.0,1.0,24.574709177017212,1.0,1.0,28.942831993103027,1.0,1.0,51.23229217529297,2.0,1.0,56.33051300048828,1.0,1.0,9.031008958816528,1.0,1.0,8.826936960220337,1.0,1.0,10.38791298866272,1.0,1.0,27.396708965301514,1.0,1.0,4.722917079925537,1.0,1.0,11.770112991333008,2.0,1.0,26.347100019454956,1.0,1.0,7.000571012496948,1.0,1.0,5.601548910140991,1.0,1.0,15.803841829299927,2.0,1.0,14.401060819625854,1.0,1.0,5.0216710567474365,1.0,1.0,12.030509948730469,1.0,1.0,13.760595798492432,1.0,1.0,19.767035007476807,1.0,1.0,7.488799095153809,1.0,1.0,8.421336889266968,1.0
17,0.0,0.0,1.0,0.0,0.0,1.0,1.0,3.15903902053833,1.0,1.0,2.073673963546753,1.0,1.0,70.49925208091736,1.0,1.0,9.19467806816101,1.0,1.0,4.27514386177063,1.0,1.0,6.127953052520752,1.0,1.0,5.472032070159912,1.0,0.0,0.0,1.0,1.0,8.52014684677124,1.0,0.0,0.0,1.0,0.0,0.0,1.0,1.0,5.133366107940674,1.0,0.0,0.0,1.0,1.0,10.60493516921997,1.0,1.0,29.559993982315063,1.0,0.0,0.0,1.0,1.0,10.806853771209717,1.0,1.0,7.941006183624268,1.0,1.0,6.584085941314697,1.0,1.0,3.66395902633667,1.0,1.0,7.02093505859375,1.0,0.0,0.0,1.0,1.0,29.886435985565186,1.0,1.0,5.654252052307129,1.0,0.0,0.0,1.0,1.0,14.800031900405884,1.0,1.0,6.491086959838867,1.0,1.0,40.1538360118866,1.0,1.0,74.63544797897339,1.0,1.0,42.40928888320923,1.0,1.0,48.28331112861633,1.0,1.0,10.467108011245728,1.0,1.0,6.588284969329834,1.0,1.0,18.975924015045166,1.0,1.0,17.69109606742859,1.0,0.0,0.0,1.0,0.0,0.0,1.0,0.0,0.0,1.0,0.0,0.0,1.0,0.0,0.0,1.0,1.0,18.36121702194214,1.0,1.0,29.099200963974,1.0,1.0,18.420092821121216,2.0,1.0,34.371439933776855,1.0,0.0,0.0,2.0,1.0,6.191382169723511,1.0,1.0,17.101348876953125,1.0,1.0,46.935195207595825,1.0,1.0,9.012561798095703,1.0,1.0,6.054126024246216,1.0,1.0,60.992250204086304,2.0,1.0,48.58413791656494,1.0,1.0,8.093199014663696,1.0,1.0,40.48430609703064,1.0,1.0,27.749835968017578,1.0,0.0,0.0,1.0,1.0,8.799471139907837,1.0,1.0,7.802251100540161,1.0
18,1.0,33.13513684272766,2.0,1.0,14.991482019424438,1.0,1.0,3.730915069580078,1.0,1.0,3.8415369987487793,1.0,1.0,2.071355104446411,1.0,1.0,6.192698001861572,1.0,1.0,2.539764881134033,1.0,1.0,4.117512941360474,1.0,1.0,2.545711040496826,1.0,1.0,10.755608081817627,1.0,1.0,5.723966121673584,1.0,1.0,6.022602081298828,1.0,1.0,37.49825620651245,4.0,1.0,4.294183969497681,1.0,1.0,13.001902103424072,1.0,1.0,8.540436029434204,1.0,1.0,9.041982173919678,1.0,1.0,5.916107892990112,1.0,1.0,3.4175679683685303,1.0,1.0,6.675997972488403,1.0,1.0,4.459578990936279,1.0,1.0,4.879209041595459,1.0,1.0,4.963665008544922,1.0,0.0,0.0,2.0,1.0,51.18245220184326,2.0,1.0,4.698403835296631,1.0,0.0,0.0,4.0,1.0,10.17310881614685,1.0,1.0,5.472215890884399,1.0,1.0,9.36418604850769,1.0,1.0,46.10815405845642,2.0,1.0,6.750547170639038,1.0,1.0,16.904309034347534,1.0,0.0,0.0,1.0,1.0,10.290871143341064,1.0,1.0,15.514536142349243,1.0,1.0,11.817970037460327,1.0,1.0,15.959575891494751,1.0,1.0,23.922560930252075,2.0,1.0,69.63493800163269,2.0,1.0,50.672391176223755,2.0,1.0,37.33234190940857,2.0,1.0,14.38663911819458,1.0,1.0,11.596417903900146,1.0,1.0,19.84283709526062,2.0,1.0,9.42805290222168,1.0,1.0,19.446243047714233,1.0,1.0,14.762801170349121,1.0,1.0,8.118191957473755,1.0,1.0,24.424526929855347,2.0,1.0,9.344986200332642,1.0,1.0,6.249279022216797,1.0,1.0,17.503988027572632,1.0,1.0,16.688966035842896,1.0,1.0,6.023847818374634,1.0,1.0,7.065875053405762,1.0,1.0,14.135991096496582,1.0,1.0,12.59299898147583,1.0,1.0,6.668713808059692,1.0,1.0,8.892619848251343,1.0
19,1.0,10.987390041351318,1.0,1.0,17.989612817764282,1.0,1.0,3.2667689323425293,1.0,1.0,5.016407012939453,1.0,1.0,3.4479379653930664,1.0,1.0,4.701510906219482,1.0,1.0,2.9532439708709717,1.0,1.0,23.816781997680664,2.0,1.0,5.031991004943848,1.0,1.0,15.624728918075562,1.0,1.0,3.436940908432007,1.0,1.0,3.9623029232025146,1.0,1.0,9.329649925231934,1.0,1.0,5.294139862060547,1.0,1.0,4.012416839599609,1.0,1.0,10.006978988647461,1.0,1.0,9.975647926330566,1.0,1.0,8.279282093048096,1.0,1.0,4.646543025970459,1.0,1.0,6.434659004211426,1.0,1.0,7.593994140625,1.0,1.0,3.939689874649048,1.0,1.0,10.047809839248657,1.0,1.0,82.19870710372925,1.0,1.0,53.946134090423584,1.0,1.0,5.142882823944092,1.0,1.0,42.04205799102783,2.0,1.0,7.004900932312012,1.0,1.0,6.811784029006958,1.0,1.0,16.553977966308594,1.0,1.0,15.249545812606812,1.0,1.0,21.7720148563385,1.0,1.0,9.872741937637329,1.0,1.0,25.791851043701172,1.0,1.0,7.893101930618286,1.0,1.0,7.800601959228516,1.0,1.0,11.783607959747314,1.0,1.0,23.35869312286377,2.0,1.0,62.95391821861267,3.0,1.0,8.888167142868042,1.0,1.0,12.47250509262085,1.0,1.0,161.17202305793762,2.0,1.0,19.190738677978516,2.0,1.0,8.644299983978271,1.0,1.0,10.259733200073242,1.0,1.0,7.87090802192688,1.0,1.0,25.729839086532593,1.0,1.0,4.806809902191162,1.0,1.0,17.04703187942505,1.0,1.0,22.65199089050293,1.0,1.0,5.924418926239014,1.0,1.0,5.9729859828948975,1.0,1.0,10.890017032623291,1.0,1.0,58.36680197715759,1.0,1.0,7.135833978652954,1.0,1.0,32.58967614173889,2.0,1.0,17.329007863998413,1.0,1.0,14.164463996887207,1.0,1.0,7.445962905883789,1.0,1.0,13.817291021347046,1.0
20,1.0,17.636109113693237,1.0,1.0,69.51053595542908,1.0,1.0,5.612600088119507,1.0,1.0,16.876110076904297,1.0,1.0,15.619068145751953,1.0,1.0,14.064434051513672,1.0,1.0,5.6782591342926025,1.0,1.0,11.634568929672241,1.0,1.0,11.100023031234741,1.0,1.0,17.458094120025635,1.0,1.0,7.875255107879639,1.0,1.0,8.29663896560669,1.0,1.0,18.267434120178223,1.0,1.0,7.495479106903076,1.0,1.0,11.116737842559814,1.0,1.0,8.098551988601685,1.0,1.0,9.170789957046509,1.0,1.0,23.086341857910156,2.0,1.0,13.416646003723145,1.0,1.0,26.739387035369873,1.0,1.0,10.676927089691162,1.0,1.0,7.100723028182983,1.0,1.0,15.265093088150024,1.0,1.0,60.12792205810547,1.0,1.0,61.05357909202576,2.0,1.0,7.547322988510132,1.0,1.0,56.89635610580444,2.0,1.0,15.067034006118774,1.0,1.0,40.108129024505615,1.0,1.0,25.391660928726196,1.0,1.0,116.16416883468628,1.0,1.0,24.16070008277893,1.0,1.0,22.249815940856934,1.0,1.0,10.016408920288086,1.0,1.0,97.08833980560303,1.0,1.0,24.74648904800415,1.0,1.0,14.835246086120605,1.0,0.0,0.0,3.0,1.0,69.82612299919128,1.0,1.0,37.79826498031616,1.0,1.0,133.22782516479492,2.0,1.0,45.78021502494812,1.0,0.0,0.0,1.0,1.0,12.64123010635376,1.0,1.0,15.305122137069702,1.0,1.0,31.414723873138428,1.0,1.0,65.3998339176178,1.0,1.0,134.40628099441528,2.0,1.0,40.505955934524536,1.0,1.0,38.460428953170776,1.0,1.0,14.652358055114746,1.0,1.0,12.232723951339722,1.0,1.0,18.977530002593994,1.0,1.0,65.13806891441345,1.0,1.0,15.589096069335938,1.0,1.0,83.07142114639282,1.0,1.0,61.579230070114136,2.0,1.0,29.000396966934204,1.0,1.0,17.730233907699585,1.0,1.0,15.179598093032837,1.0
21,1.0,12.80829405784607,1.0,1.0,23.056488037109375,1.0,1.0,3.4188740253448486,1.0,1.0,2.2973978519439697,1.0,1.0,17.680959939956665,2.0,1.0,5.061470985412598,1.0,1.0,4.475526809692383,1.0,0.0,0.0,1.0,1.0,16.08587884902954,1.0,1.0,14.578195095062256,1.0,1.0,3.1238129138946533,1.0,1.0,8.238822937011719,1.0,0.0,0.0,2.0,1.0,11.920621871948242,1.0,1.0,5.497557163238525,1.0,1.0,5.3592939376831055,1.0,1.0,5.385692119598389,1.0,1.0,9.198415994644165,1.0,1.0,13.497812986373901,1.0,1.0,18.65701198577881,1.0,1.0,83.3621838092804,1.0,1.0,4.422676086425781,1.0,1.0,16.298813104629517,1.0,0.0,0.0,1.0,1.0,34.30320501327515,1.0,1.0,9.622286081314087,1.0,0.0,0.0,2.0,1.0,6.98566198348999,1.0,1.0,26.774651050567627,1.0,1.0,11.260699987411499,1.0,1.0,19.563102960586548,1.0,1.0,7.35529899597168,1.0,1.0,22.765907049179077,1.0,0.0,0.0,1.0,1.0,56.233978033065796,1.0,1.0,33.17352795600891,1.0,1.0,71.87486600875854,1.0,0.0,0.0,2.0,0.0,0.0,2.0,1.0,10.449739933013916,1.0,0.0,0.0,2.0,1.0,12.490525007247925,1.0,1.0,42.36711382865906,1.0,1.0,24.64033603668213,1.0,1.0,17.736606121063232,2.0,1.0,56.22853112220764,4.0,1.0,67.93312907218933,1.0,1.0,12.022551774978638,1.0,1.0,23.029699087142944,1.0,1.0,15.141096830368042,1.0,1.0,8.51168704032898,1.0,1.0,9.55354905128479,1.0,1.0,51.75615692138672,2.0,1.0,26.53807306289673,1.0,1.0,7.05964207649231,1.0,1.0,17.391419887542725,1.0,1.0,22.710242986679077,2.0,1.0,32.55420804023743,2.0,1.0,8.677900075912476,1.0,1.0,8.466492891311646,1.0
22,1.0,10.245852947235107,1.0,1.0,27.114709854125977,2.0,1.0,2.291184902191162,1.0,1.0,5.369665145874023,1.0,1.0,19.507016897201538,2.0,1.0,6.865879058837891,1.0,1.0,2.9216089248657227,1.0,0.0,0.0,1.0,1.0,3.1508309841156006,1.0,1.0,3.6857588291168213,1.0,1.0,6.6581947803497314,1.0,1.0,4.515614032745361,1.0,1.0,28.994669914245605,2.0,1.0,3.5228359699249268,1.0,1.0,5.5010340213775635,1.0,1.0,4.0764501094818115,1.0,1.0,5.7996110916137695,1.0,1.0,89.95553588867188,3.0,1.0,29.43897819519043,2.0,1.0,4.211416006088257,1.0,1.0,4.445796966552734,1.0,1.0,5.021066904067993,1.0,1.0,5.805814981460571,1.0,0.0,0.0,3.0,1.0,14.021113872528076,1.0,1.0,4.504496097564697,1.0,0.0,0.0,4.0,1.0,16.302279949188232,1.0,1.0,19.267454147338867,1.0,1.0,10.783570051193237,1.0,1.0,24.97903800010681,1.0,1.0,15.066135168075562,1.0,1.0,14.690783977508545,1.0,0.0,0.0,1.0,1.0,18.214384078979492,2.0,1.0,13.945544004440308,1.0,1.0,25.240055084228516,2.0,0.0,0.0,2.0,1.0,90.85990715026855,3.0,1.0,8.758213996887207,1.0,1.0,22.303380012512207,3.0,1.0,33.01341700553894,2.0,1.0,6.483953952789307,1.0,1.0,6.721167087554932,1.0,1.0,12.538880109786987,1.0,1.0,17.346786737442017,2.0,1.0,14.72493314743042,1.0,1.0,6.274559020996094,1.0,1.0,14.194793939590454,1.0,1.0,10.608963012695312,1.0,1.0,15.448262929916382,1.0,1.0,6.383996963500977,1.0,1.0,23.654148817062378,1.0,1.0,19.196258068084717,1.0,1.0,8.347749948501587,1.0,1.0,20.58808207511902,1.0,1.0,34.7437481880188,1.0,1.0,37.577595233917236,2.0,1.0,8.234004020690918,1.0,1.0,10.393933057785034,1.0
23,1.0,9.67228388786316,1.0,1.0,12.72176480293274,2.0,1.0,2.2537050247192383,1.0,1.0,3.1777548789978027,1.0,1.0,2.3587470054626465,1.0,1.0,3.228710889816284,1.0,1.0,2.9043169021606445,1.0,0.0,0.0,4.0,1.0,14.874035120010376,2.0,1.0,16.258052825927734,2.0,1.0,3.40474796295166,1.0,1.0,4.202584981918335,1.0,1.0,9.282508134841919,2.0,1.0,16.252536296844482,2.0,0.0,0.0,4.0,1.0,7.1967668533325195,1.0,1.0,4.335783958435059,1.0,0.0,0.0,7.0,1.0,2.9485280513763428,1.0,1.0,3.9150900840759277,1.0,1.0,3.6169040203094482,1.0,1.0,3.667095899581909,1.0,1.0,18.09611177444458,4.0,0.0,0.0,7.0,1.0,14.41776418685913,2.0,1.0,3.9111289978027344,1.0,0.0,0.0,5.0,1.0,4.963177919387817,1.0,1.0,4.851643085479736,1.0,1.0,6.218804836273193,1.0,0.0,0.0,4.0,1.0,3.691488027572632,1.0,0.0,0.0,1.0,0.0,0.0,2.0,1.0,4.945774793624878,1.0,1.0,6.862879037857056,1.0,1.0,16.321444034576416,3.0,0.0,0.0,3.0,0.0,0.0,1.0,1.0,18.69540500640869,2.0,0.0,0.0,7.0,1.0,6.54101300239563,1.0,1.0,11.33637809753418,1.0,1.0,33.16878795623779,3.0,1.0,4.887326002120972,1.0,1.0,21.768782138824463,4.0,1.0,21.668660879135132,1.0,1.0,4.805406093597412,1.0,1.0,5.8475730419158936,1.0,1.0,11.295819997787476,1.0,1.0,12.94790506362915,1.0,1.0,5.324702978134155,1.0,1.0,11.170138835906982,2.0,0.0,0.0,4.0,1.0,4.464599847793579,1.0,1.0,5.538639068603516,1.0,1.0,11.400359153747559,2.0,1.0,16.7310152053833,2.0,1.0,7.757649183273315,1.0,1.0,7.673574924468994,1.0
24,1.0,81.79729390144348,1.0,1.0,49.474817991256714,4.0,1.0,5.402856826782227,1.0,1.0,3.9590580463409424,1.0,0.0,0.0,4.0,1.0,13.997634649276733,2.0,1.0,7.6612420082092285,1.0,1.0,188.74524879455566,4.0,1.0,12.769120693206787,2.0,1.0,5.075048923492432,1.0,1.0,13.540281057357788,1.0,1.0,5.254331827163696,1.0,1.0,15.377747058868408,2.0,1.0,9.850114822387695,2.0,1.0,10.89035701751709,1.0,1.0,20.32443594932556,1.0,1.0,13.556918144226074,1.0,1.0,46.87168216705322,2.0,1.0,39.5104079246521,2.0,1.0,7.025321960449219,1.0,1.0,6.607638835906982,1.0,1.0,121.47676014900208,1.0,1.0,5.138568162918091,1.0,0.0,0.0,5.0,1.0,16.972229480743408,3.0,1.0,7.869240045547485,1.0,0.0,0.0,4.0,1.0,24.539284706115723,2.0,1.0,101.52707433700562,2.0,1.0,79.57919883728027,1.0,1.0,24.104390859603882,2.0,1.0,7.106891870498657,1.0,1.0,57.63488698005676,2.0,1.0,41.49422001838684,3.0,1.0,5.942071914672852,1.0,1.0,20.55190682411194,1.0,1.0,15.444602966308594,2.0,0.0,0.0,3.0,1.0,12.217225790023804,1.0,1.0,28.93619394302368,2.0,1.0,53.706470251083374,7.0,0.0,0.0,3.0,1.0,18.19526696205139,1.0,1.0,27.910728931427002,1.0,1.0,21.624751091003418,2.0,1.0,15.890134811401367,2.0,0.0,0.0,3.0,0.0,0.0,1.0,1.0,15.022462129592896,1.0,1.0,15.83949089050293,1.0,1.0,29.328287839889526,2.0,1.0,8.227420091629028,1.0,0.0,0.0,4.0,0.0,0.0,2.0,1.0,6.981926918029785,1.0,1.0,29.490206718444824,3.0,1.0,11.853971242904663,2.0,0.0,0.0,4.0,1.0,10.81252908706665,1.0,1.0,12.389105081558228,1.0
25,1.0,6.2583019733428955,1.0,1.0,12.594080209732056,1.0,1.0,2.286623001098633,1.0,0.0,0.0,1.0,1.0,7.023630857467651,1.0,1.0,4.595829010009766,1.0,1.0,2.859196186065674,1.0,1.0,5.121201038360596,1.0,1.0,4.81119704246521,1.0,1.0,3.427777051925659,1.0,1.0,3.682727098464966,1.0,1.0,4.701256990432739,1.0,1.0,40.64599800109863,4.0,1.0,8.877338886260986,1.0,1.0,14.585619926452637,1.0,1.0,8.154821872711182,1.0,1.0,12.862235069274902,1.0,1.0,9.674120903015137,1.0,1.0,14.366855144500732,1.0,1.0,6.416285991668701,1.0,1.0,7.59372615814209,1.0,1.0,4.751550912857056,1.0,1.0,6.096989870071411,1.0,0.0,0.0,2.0,1.0,11.274390935897827,1.0,1.0,3.863554000854492,1.0,1.0,23.131031036376953,2.0,1.0,5.685600996017456,1.0,1.0,6.332082033157349,1.0,1.0,12.652324914932251,1.0,1.0,19.773964881896973,1.0,1.0,11.439917087554932,1.0,0.0,0.0,2.0,0.0,0.0,1.0,1.0,8.803586959838867,1.0,1.0,9.268532037734985,1.0,1.0,10.041206121444702,1.0,1.0,24.163530111312866,1.0,1.0,21.524139165878296,1.0,1.0,13.53978681564331,1.0,1.0,13.225038051605225,1.0,1.0,7.997009992599487,1.0,1.0,9.655361890792847,1.0,1.0,8.091156005859375,1.0,1.0,13.242938041687012,1.0,0.0,0.0,1.0,1.0,20.033700942993164,1.0,0.0,0.0,1.0,1.0,11.546751976013184,1.0,1.0,15.38481092453003,1.0,1.0,8.623818159103394,1.0,1.0,6.059858798980713,1.0,1.0,15.782438039779663,1.0,1.0,16.790358066558838,1.0,1.0,8.3247811794281,1.0,1.0,10.29717206954956,1.0,1.0,13.983232975006104,1.0,1.0,14.266235113143921,1.0,1.0,5.955065965652466,1.0,1.0,8.734709024429321,1.0
26,0.0,0.0,1.0,1.0,51.04719305038452,1.0,1.0,4.8475868701934814,1.0,1.0,9.345638990402222,1.0,1.0,5.811992168426514,1.0,1.0,6.512795925140381,1.0,1.0,4.244755983352661,1.0,1.0,6.550598859786987,1.0,1.0,5.293880939483643,1.0,1.0,9.394736051559448,1.0,1.0,6.206955909729004,1.0,1.0,7.004903078079224,1.0,1.0,51.536866188049316,1.0,1.0,9.671073198318481,1.0,1.0,8.925505876541138,1.0,1.0,7.37837290763855,1.0,1.0,7.5543129444122314,1.0,1.0,45.79703497886658,1.0,1.0,14.068495035171509,1.0,1.0,10.898913860321045,1.0,1.0,5.537619113922119,1.0,1.0,5.516385078430176,1.0,1.0,7.425403833389282,1.0,1.0,82.44898796081543,1.0,1.0,9.2447509765625,1.0,1.0,7.430047988891602,1.0,1.0,36.069889068603516,1.0,1.0,11.755027055740356,1.0,1.0,8.175380945205688,1.0,1.0,13.471795082092285,1.0,0.0,0.0,1.0,1.0,11.102203845977783,1.0,1.0,37.885536909103394,1.0,0.0,0.0,1.0,1.0,11.296337127685547,1.0,1.0,16.21851396560669,1.0,1.0,17.967945098876953,1.0,1.0,86.58004307746887,1.0,1.0,16.641154050827026,1.0,1.0,12.923295021057129,1.0,1.0,25.18568181991577,1.0,1.0,43.54600501060486,1.0,1.0,24.190853118896484,1.0,1.0,7.730268955230713,1.0,1.0,13.691720008850098,1.0,1.0,20.333954095840454,1.0,1.0,132.58351707458496,1.0,1.0,32.235356092453,1.0,1.0,8.5781409740448,1.0,1.0,48.74186611175537,1.0,1.0,21.851332902908325,1.0,1.0,12.13437819480896,1.0,1.0,19.623044967651367,1.0,1.0,37.74416995048523,1.0,1.0,9.983102083206177,1.0,1.0,30.952982902526855,1.0,1.0,34.62131690979004,1.0,1.0,13.038723945617676,1.0,1.0,10.565647840499878,1.0,1.0,14.885673999786377,1.0
27,1.0,28.985941886901855,2.0,1.0,8.967168092727661,1.0,1.0,2.497653007507324,1.0,1.0,16.214622020721436,1.0,1.0,12.49264907836914,2.0,1.0,9.29944896697998,2.0,1.0,3.259006977081299,1.0,1.0,14.176194190979004,2.0,1.0,3.727678060531616,1.0,1.0,26.053010940551758,2.0,1.0,7.7482709884643555,1.0,1.0,13.761734008789062,2.0,1.0,16.576841115951538,2.0,1.0,3.9326419830322266,1.0,1.0,6.390535116195679,1.0,1.0,10.335280895233154,1.0,1.0,3.8419370651245117,1.0,1.0,54.00145506858826,5.0,1.0,17.43811798095703,1.0,1.0,5.5270631313323975,1.0,1.0,7.490271091461182,1.0,1.0,4.131662845611572,1.0,1.0,6.21475887298584,1.0,0.0,0.0,3.0,1.0,7.342794895172119,1.0,1.0,4.632065057754517,1.0,1.0,55.053956031799316,3.0,1.0,6.014551877975464,1.0,1.0,5.285260915756226,1.0,1.0,10.483884811401367,1.0,1.0,22.029600858688354,1.0,1.0,16.874857902526855,1.0,1.0,24.644346952438354,1.0,1.0,22.237787008285522,2.0,1.0,6.488517999649048,1.0,1.0,8.920004844665527,1.0,1.0,18.572009801864624,2.0,1.0,128.97967791557312,4.0,1.0,24.809785842895508,2.0,1.0,40.72545504570007,2.0,1.0,8.336274147033691,1.0,1.0,16.806387901306152,1.0,1.0,10.85195803642273,1.0,1.0,13.576720952987671,1.0,1.0,15.798394203186035,2.0,1.0,20.04334592819214,2.0,1.0,21.119800806045532,2.0,1.0,5.716897010803223,1.0,1.0,6.972527980804443,1.0,1.0,14.128782033920288,1.0,1.0,7.047498941421509,1.0,1.0,6.556298017501831,1.0,1.0,8.935112953186035,1.0,1.0,9.712779998779297,1.0,1.0,10.200730085372925,1.0,1.0,20.078001022338867,2.0,1.0,29.062744140625,2.0,1.0,56.5160448551178,3.0,1.0,8.090650796890259,1.0,1.0,9.161176919937134,1.0
28,1.0,7.79204797744751,1.0,1.0,14.614994287490845,2.0,1.0,2.27895188331604,1.0,1.0,5.6828999519348145,1.0,1.0,2.8466179370880127,1.0,1.0,10.49052095413208,1.0,1.0,6.611167907714844,1.0,1.0,3.760206937789917,1.0,1.0,5.261168003082275,1.0,1.0,20.971063137054443,1.0,1.0,2.2064058780670166,1.0,1.0,6.705979824066162,1.0,1.0,4.8903961181640625,1.0,1.0,3.4023020267486572,1.0,1.0,4.756220817565918,1.0,1.0,3.443202018737793,1.0,1.0,7.1149609088897705,1.0,1.0,17.08857488632202,2.0,1.0,7.720340013504028,1.0,1.0,7.139801979064941,1.0,1.0,4.745229959487915,1.0,1.0,4.2465691566467285,1.0,1.0,23.379031896591187,2.0,0.0,0.0,3.0,0.0,0.0,3.0,1.0,4.521698951721191,1.0,0.0,0.0,2.0,1.0,5.0667829513549805,1.0,1.0,4.328433990478516,1.0,1.0,16.126244068145752,1.0,1.0,9.379504919052124,1.0,1.0,34.89838790893555,1.0,0.0,0.0,2.0,0.0,0.0,1.0,1.0,33.88933992385864,2.0,1.0,15.596042156219482,1.0,1.0,16.916287899017334,2.0,0.0,0.0,1.0,0.0,0.0,2.0,1.0,23.28547215461731,2.0,0.0,0.0,3.0,0.0,0.0,2.0,1.0,9.092960834503174,1.0,1.0,7.679731845855713,2.0,1.0,32.18752479553223,3.0,1.0,6.692615032196045,1.0,1.0,14.181895971298218,1.0,1.0,6.3615570068359375,1.0,1.0,7.27423095703125,1.0,1.0,27.694256067276,3.0,1.0,16.200723886489868,2.0,1.0,5.384998083114624,1.0,1.0,12.818717956542969,1.0,1.0,24.278346061706543,1.0,1.0,5.307193994522095,1.0,1.0,11.837948083877563,1.0,1.0,9.617390871047974,2.0,1.0,24.422851085662842,3.0,1.0,5.771543979644775,1.0,1.0,12.836834907531738,1.0
29,1.0,10.870509147644043,1.0,1.0,39.447766065597534,1.0,1.0,3.605936050415039,1.0,1.0,8.44224500656128,1.0,1.0,10.995198965072632,1.0,1.0,8.104084014892578,1.0,1.0,5.911794900894165,1.0,1.0,6.01075291633606,1.0,1.0,7.320107936859131,1.0,1.0,3.1767969131469727,1.0,1.0,11.514316082000732,1.0,1.0,15.839312076568604,2.0,1.0,6.154138088226318,1.0,1.0,8.489619016647339,1.0,1.0,10.42074203491211,1.0,1.0,10.077747106552124,1.0,1.0,6.459406852722168,1.0,1.0,9.595186948776245,1.0,1.0,7.485018014907837,1.0,1.0,5.273905038833618,1.0,1.0,8.5638108253479,1.0,1.0,5.3845319747924805,1.0,1.0,5.79221510887146,1.0,0.0,0.0,4.0,1.0,29.218667030334473,2.0,1.0,14.046242952346802,1.0,1.0,155.9854838848114,3.0,1.0,6.178100109100342,1.0,1.0,11.741371154785156,1.0,1.0,20.11677885055542,1.0,1.0,65.89011907577515,2.0,1.0,32.31481599807739,1.0,0.0,0.0,1.0,1.0,17.345834970474243,1.0,1.0,7.126632928848267,1.0,1.0,10.444838047027588,1.0,1.0,16.527952909469604,1.0,0.0,0.0,3.0,1.0,56.017549991607666,2.0,1.0,9.114380836486816,1.0,1.0,64.84284520149231,1.0,1.0,25.486546993255615,1.0,1.0,110.65713882446289,1.0,1.0,12.329300165176392,1.0,1.0,11.518604040145874,1.0,1.0,8.38429594039917,1.0,1.0,17.376629114151,1.0,1.0,8.133394002914429,1.0,1.0,11.783400058746338,1.0,1.0,32.884259939193726,1.0,1.0,9.193753957748413,1.0,1.0,6.785235166549683,1.0,1.0,12.685469150543213,1.0,1.0,20.67204213142395,1.0,1.0,8.11920714378357,1.0,1.0,24.72736096382141,2.0,1.0,28.03386902809143,2.0,1.0,22.45561909675598,1.0,1.0,13.833898067474365,1.0,1.0,13.31959581375122,1.0
30,1.0,8.91773509979248,1.0,1.0,20.043181896209717,1.0,1.0,2.5163819789886475,1.0,1.0,2.2376129627227783,1.0,1.0,2.970273971557617,1.0,1.0,5.635576963424683,1.0,1.0,2.5704429149627686,1.0,1.0,10.489641904830933,2.0,1.0,4.180368185043335,1.0,1.0,4.0453479290008545,1.0,1.0,8.18242597579956,1.0,1.0,3.6169750690460205,1.0,1.0,39.13807511329651,3.0,1.0,4.96340799331665,1.0,1.0,6.9450600147247314,1.0,1.0,16.611504077911377,1.0,1.0,24.052284955978394,1.0,1.0,13.89988398551941,1.0,1.0,3.585468053817749,1.0,1.0,7.021859169006348,1.0,1.0,8.791460990905762,1.0,1.0,3.9755778312683105,1.0,1.0,10.098752975463867,1.0,0.0,0.0,4.0,1.0,31.32169508934021,2.0,1.0,7.882397890090942,1.0,1.0,34.90939521789551,3.0,1.0,5.754866123199463,1.0,1.0,5.864572048187256,1.0,1.0,13.566435098648071,1.0,1.0,42.54660677909851,3.0,1.0,8.842560052871704,1.0,1.0,72.23505592346191,2.0,0.0,0.0,1.0,1.0,15.391355037689209,1.0,1.0,8.703537940979004,1.0,1.0,33.7762713432312,2.0,0.0,0.0,2.0,1.0,32.21887493133545,2.0,1.0,9.519614934921265,1.0,1.0,32.24536991119385,2.0,1.0,26.015501976013184,2.0,1.0,16.422096967697144,1.0,1.0,5.582350015640259,1.0,1.0,8.139846086502075,1.0,1.0,8.501399993896484,1.0,0.0,0.0,1.0,1.0,6.56851601600647,1.0,1.0,9.36647891998291,1.0,1.0,12.432813882827759,1.0,1.0,11.51699709892273,1.0,1.0,6.887639045715332,1.0,1.0,29.086661338806152,2.0,1.0,37.98773407936096,1.0,1.0,7.345631122589111,1.0,1.0,27.790514945983887,2.0,1.0,30.31262707710266,2.0,1.0,27.620216131210327,1.0,1.0,7.867655038833618,1.0,1.0,14.321584939956665,1.0
